text,summary
Artificial intelligence is used in healthcare to improve diagnosis and treatment.,AI improves healthcare diagnosis.
Machine learning helps doctors analyze large amounts of patient data efficiently.,ML helps analyze patient data.
Deep learning models can detect diseases from medical images with high accuracy.,Deep learning detects diseases.
Natural language processing helps in understanding medical reports and patient records.,NLP understands medical reports.
AI systems assist doctors in making better clinical decisions.,AI helps clinical decisions.
Data science improves hospital management and patient care.,Data science improves healthcare.
Automation in healthcare reduces manual work and increases efficiency.,Automation improves efficiency.
AI-based tools help in early disease detection.,AI helps early detection.
Healthcare analytics helps in predicting patient outcomes.,Analytics predicts outcomes.
AI is transforming modern healthcare systems worldwide.,AI transforms healthcare.